,y,X_1,X_2,X_3,X_4,X_5,X_6,X_7,X_8,X_9,X_10,X_11,X_12,X_13,X_14,X_15,X_16,X_17,X_18,X_19,X_20,X_21,X_22,X_23,X_24,X_25,X_26,X_27,X_28,X_29,X_30,X_31,X_32,X_33,X_34,X_35,X_36,X_37,X_38,X_39,X_40
0,1.0,1.2750744755614587,-0.436558052842791,0.7169141959179545,-1.9646002861508611,-0.7698864159792472,-0.3813682062770659,-3.0191435643805544,0.19641375573466724,0.6490330215561515,-0.14755210146430073,0.19482164519120043,2.020968645282765,-0.8410931920017284,-0.43783555639950217,-0.23467216507803382,1.131901725405779,-0.23295474060962418,-1.8384907020636958,-1.11586139538491,-1.1051564012751207,0.20079268186150623,-0.5223602456426627,-0.7386169934227906,0.6663296605849586,0.7193053052155869,1.0785823600613256,1.4023031478038104,1.780586472831063,1.6123716455634787,-0.09044110286645032,-0.46306258211187745,0.9697014658237868,2.8977818023299142,-0.38820404017279203,-0.09036527534376759,-0.23993387201929195,1.0875026833310266,1.4915644150267862,1.9557773389052624,0.560848719507148
1,1.0,0.30853869812472606,1.2004768831512989,-0.6629117297215942,-0.15408236823356758,-1.6811344115319382,-0.9932616334252162,1.5792184885874483,0.009943629169043289,0.05987947683524508,1.1032179312068933,1.2879376510522405,1.8032662148160061,0.7236088081675158,-0.6341734468586818,-1.4034757757249792,0.6760884729526082,-1.8096286928143768,-1.731951785315028,-0.04401942390395751,0.25405559090459856,0.00954970198483096,-0.6413279015940987,0.4365146636977945,-0.8167756378082692,-0.13003206962881042,0.06284673707662135,1.0031508247396776,-1.054473753651581,0.21532570914951799,0.3579519592275773,1.3257079069458528,0.8619443659302019,0.20029812391171525,-0.9942021669485698,1.2483696525155485,0.36200071410741413,1.0477089141082407,2.133217558056933,-0.1342859382162251,0.3205925176827215
2,-1.0,0.9790204414930559,-0.805795603789555,-0.42671916637628493,0.7380315938898567,-0.9151268445000948,1.0793269872463642,-1.670646354500597,0.11254826317444311,0.9024586739961721,-1.6466500101496218,-1.6342941971775733,-0.24117432182823034,-1.5187021147504955,-0.7300702749791856,2.0898547690519753,1.556139275513608,-0.7449295551272634,2.6226043648830584,-1.7686901181882713,-0.7474733557923393,0.10927819758822344,-0.2777721511303398,0.35083300031551523,-0.39573952550464936,1.7811103053617878,-1.0728998942761163,-2.2524158687907736,-1.19445851747338,-0.46190709242399164,1.0273067455718636,-0.059376050702272365,-1.7855727846388836,-0.1957971956395238,0.19283005065875697,-1.693516043385334,1.1014006410336146,0.294301025197092,1.6434787791005987,-0.7812770134182924,-1.7424060436351576
3,1.0,0.6933970551207186,-2.3627139311194076,1.921052509135741,0.6535789003437109,-1.2811193559783574,0.1884272023132011,0.43395392957446866,1.1375743300473653,0.22239719448770795,0.1063534293709466,-0.3866540184580318,-2.3975434473772212,0.34471643924619955,0.3421584595095869,0.3233918288669516,1.4210238503249197,-0.13173362675937877,0.14562101410681771,-1.4582629414433765,-0.17418902917056775,2.264477282919377,0.6923842503852737,0.1932449586935613,0.26551750896167137,-0.9386406670928198,-1.1041509478544387,-0.7293548163077339,-1.595406732088195,0.24850773428403616,0.4261210146564526,0.7263068851265483,0.01631887201377555,-0.6894105355583354,0.1939756789236654,-1.56151162424132,0.287604866673189,-0.36176566182325176,2.9297375218604995,1.01725295224696,-0.7274383419946628
4,1.0,1.0129442460266413,-1.180774876042798,1.0773044726364547,-0.5524413739898584,1.2890904794161075,-1.125584704888954,0.008661162300319235,1.9684039888851177,1.6228381905391212,1.899210606870558,-3.4534831010975346,-0.49186939756809744,0.9250272127931211,-0.8851624124010423,-2.0437812091964758,-1.7943970000432734,0.29769373882841066,-0.9425778525354865,0.6811915715340521,-2.3706900735376206,2.3192706452953034,1.5322424300584545,0.49716857148256494,-0.012339569472794631,0.6417446040980223,0.6608823855370429,-0.6974825204643323,0.20554927589235297,1.6719563888101319,-0.6558185624198241,2.0081004391791026,0.1143395446474309,-1.4549524047101605,-0.23477105969056938,0.2735363927005137,-1.2979027011749906,2.6970888707514695,0.4174774649052704,-0.0026123273804766756,-0.4871576184685768
5,-1.0,-1.636213172857242,0.13086475733311054,0.5942669503996149,0.7576128312261946,-0.4650738298541597,-1.4688072533986172,0.9675969324889971,0.43609406724729377,1.7083793184371925,0.6971433899943952,-0.5516490681325055,-0.8252023957574848,0.9445579996596127,-0.41982138961591625,0.5467971978031325,0.22221361032997466,0.43479226746692606,-1.3713785512831487,-0.44438059509167155,0.2555529939517788,0.27986288119858727,0.29130047293690947,-1.891518832422221,-1.613728537005097,-1.4848494266048138,0.060378920148866415,-0.2523306106435763,0.10764619399466185,0.7566282290051298,-0.4182781628423657,-1.3683341737241088,1.977596187326827,-0.017628185709184008,0.315574846920065,0.330572978982465,0.777136185518659,-0.9633130976587714,-0.2413991198296196,-1.4143388306875773,0.13261766842355857
6,-1.0,-0.21693456499636832,0.4129619572159149,0.419957497224864,-1.5420997721179517,-1.3095540810947774,0.13632911233501172,0.4408068868176189,-0.059665967952313104,0.9789252191444122,-0.3602611198087174,-0.35668428634949734,1.0056137586883187,-1.4336591366989258,2.0410137992117265,0.027028552013917906,-1.9171052290112853,1.1742958716701868,-0.5095437519578154,0.4046477404696859,1.3591971999729755,-0.5312763183718595,-1.3370131338232496,-0.019566563998929004,0.9501342127095608,1.9475708177100497,1.6241361711300444,0.3106827285968623,0.9329194412711952,-0.1270065475189025,-0.9501042544555948,0.6411762476874749,0.006938363932058433,-0.9174214622223881,0.8041999754412638,-1.3174115827860762,1.6838588631560238,-0.6271412898405494,-1.1202026989461067,0.6368576073561807,0.5221666780690541
7,-1.0,-0.485862964601294,-0.8957427730916324,0.4408623248031867,-0.9959394991963804,0.43638610555731094,2.7679024208003975,0.8870715366610931,0.19916244834840952,-2.1105866870825483,-0.1638219585278372,-0.20667658675231637,-0.5003012986308223,-1.427441589407864,1.4453749294145894,0.15801976204588813,-3.0326700215443125,-0.7640972813418514,-1.2166375928495299,-0.7154490978014223,-1.5448045001468396,0.506719608777253,-0.17945566879778463,0.9147092443581291,-2.7842318440519302,0.1881388847986246,-0.6602093027334194,2.620856570160428,-1.63368641824936,-0.05898618041214491,0.4701565881518055,-1.183315581197069,1.4087264308557463,0.618740330949782,-0.7448217573065625,-0.19428634045953636,0.9775344531855349,0.3239929370045126,0.047095817281171404,0.2686881060326458,-0.10739293263401076
8,1.0,0.28022284838569783,-0.7340326802873589,-0.4126475720755757,2.3041776440906387,0.5789393187126293,-2.6047442843465576,1.1911877895532703,-2.222716754823846,-1.0524134679741537,1.2794318094642585,0.025639268263728004,-0.9161626260635976,0.4712357588446143,-0.5484152097931454,-1.9354805061793567,0.6510575019351621,0.4236747747665783,0.4771796750990699,-0.013339651898512606,-0.4397176171505046,1.3779454515381295,0.24652119572058942,-1.1960362101094484,0.3688602089035347,-0.614629212659026,1.1308350976715542,1.3900068031392443,-0.8103243926550735,1.081725173631332,1.8877430096498633,0.3981464232036257,2.0203591415560047,1.97439236603929,0.42855356689238266,-1.526576902691319,0.04188323044476544,-1.8505686503455516,0.47708833111647214,0.309308504153074,-0.27292616098889744
9,-1.0,-0.8755903056414209,-1.9889370685212069,1.0666933560257832,-0.8434907530661863,1.090730335153126,-1.100353902302814,-0.8185795201751204,0.42136006305291507,0.7334325164363463,0.10192184383577407,0.3549366268497989,2.381104158551552,-1.1279219119302972,0.7843031083236229,1.5785117279337926,0.14604152600508896,1.1646457087032869,0.3197494558126588,0.19266216824876392,0.5200152547841859,-0.8485726040900686,-0.488907314792879,-1.0470113636752412,0.30598900459042466,0.6230865604926135,1.5881577935678324,0.3820257676796752,1.8727698073791552,-0.7929586001655454,0.07547138570001916,-1.3357080402969432,-0.08321147315841004,-0.6480254676827126,-1.1921438644067521,-0.735444841987731,1.5995895108521367,0.3459210433273586,-0.3216172923133127,2.091083935212857,-0.9206859286913349
10,1.0,-0.22955592232188693,-1.0937557144798356,1.6066014106787736,1.086342081280763,-0.486229882611946,-0.03233919366807926,0.35915796436688896,-0.11162582074465177,0.7251587801170581,1.7929630920335553,0.4142090190926998,0.10812755218196574,2.72849693950066,2.4963714902066023,-0.8299011255540768,0.07573738252869837,-2.4645114904276073,1.503425923073971,-0.2611132416218648,1.0492638431957122,-0.07959911833021566,-0.41791515105107746,2.132034221006374,-1.6201780418740404,0.25296886022833326,0.5734926392766877,-0.6710743162025441,-0.48807384652780916,0.46408635044037194,0.9894124042150525,0.6606365009851276,0.2532907560101612,-0.016137186060675324,-0.5203007677102779,1.345401628084673,-1.1231533422806645,-0.11614108763435371,0.601651660157675,-0.7084421671500806,0.5005101908869892
11,-1.0,-1.0000479867025742,-0.498651834226991,-1.6477812434874473,-0.04627395120981015,-0.2174027651605498,-0.8674846561817398,-2.8857285196838904,-1.9289019644442766,1.5583471411588987,-0.08170929115424161,1.1347991192758102,-0.41017891007112206,-1.7019324642287317,-0.6845849825515021,0.5723179175512793,-0.9499835870986957,0.7176094034842684,-0.21049937655534334,-1.9296026241280948,-1.5589260210156282,-0.4608921658915379,-0.005976447826698594,-0.0737121843451469,-0.5072390741314852,0.7144004436479872,-0.46651479700857523,0.3324100570422662,0.14365516328701539,1.0680039314106256,0.848537946069703,-0.6292548440654343,1.87807633534809,-2.50808842671281,-1.631458224910672,0.004034782709330276,0.5049764090622918,-0.04331653717555882,0.9802206042361874,1.39339397833685,0.4497805183822762
12,-1.0,0.27847360523969766,-0.9866362878296772,0.875114563924559,-0.06806598442726874,-0.7439776970420036,1.5199734501762463,-0.5452109907640151,0.5137734125633298,1.1819279421807782,-0.21639525747007166,1.026682220496462,0.5987947291089586,-0.03290459202149238,-0.5232234554853518,1.2189249951269856,-1.0299288494391168,-0.0890143786410604,-0.4822969217653823,-0.6744429951049922,-0.021234082630645062,-0.11303169271460889,0.3979336558090065,0.49756921067120347,0.6430317581563124,0.44817051338530445,0.027561566691824857,0.8729799477827744,-1.2252441760045067,0.2659822779680796,0.3803042895797989,0.4844107562730328,-1.8249356878756613,-1.0270757988116632,0.8434245385695015,0.1624671898627404,-0.5982534585488952,1.119673373751935,-1.5129904414732898,1.7262799598558205,1.1381341066569566
13,-1.0,0.6106597692429642,-0.6523780072661951,-2.0708412358202044,-1.3734813532698031,-0.995291787890528,-0.4799147634214954,0.26597430839283687,1.771726296129871,-0.3319764457462797,-1.5708161669204004,-0.9052367121706085,0.9338617562956939,1.8079225215434498,0.1057313362791464,0.1369470633183093,1.3906944333446065,-1.7087444519728674,-0.7120946811846978,-1.8952216246660907,0.5538939607532962,-0.6495777752338614,1.3419257669051297,0.3435719952163975,-0.7969392717238231,-1.163105383991068,0.3280827973726784,-1.6824135932390556,-1.1761341700948538,-1.0613965113614945,-2.1323092680509887,-1.6930620223957595,-0.6130784507568334,0.6855247368373898,0.9632728469481489,-0.5065887865889868,0.5485976880199996,0.7479271587198679,0.4821831643657081,0.7625661752195138,-0.13032492687339714
14,-1.0,-0.20504610051600825,-0.08550720692604119,0.4234250790001311,1.2501802369097592,-0.6720171560846797,0.34268509075247194,1.0730356543084705,0.15233684484022408,0.3042617074125244,-0.3491024474101813,1.958337780047977,-0.39806809376282015,-0.3122120141248707,-1.1530475323454574,1.4937391467103773,0.09729014525823931,-2.140542750555996,-1.5930175930208899,-0.5756255720508965,-0.43914265016744275,-2.12641595847047,0.5628390232688891,-0.36635808023476635,0.1425935459716608,-0.7607767158485984,0.7049879020269891,-0.3772393373762527,-1.4782922445526796,-0.8989993489275399,0.9758591364529954,-0.8495883618814527,-1.4929528755498138,-0.6445451096481635,-1.3110676496388995,0.9046489916626486,-2.3747896839544826,1.3234746397588566,0.36649943110454264,1.2920756965913969,-0.1881985536724018
15,-1.0,1.1407068565806353,0.3920059137048704,0.8600158734850978,-1.2822600176991208,0.2899433381317153,0.07856952723392646,-0.2636733220757117,-0.9644427016285567,1.0653564155400828,-1.4695209830884224,0.8699379475473461,0.3792348175896151,-1.2456538854367611,-1.1378178949314268,-1.231432401011423,-1.9662350490919573,1.4511322610566166,-0.694272489264282,-1.5661622073339434,0.39693379245461,-0.18266117080851718,0.6740167656468294,0.674319392982808,-1.7569547115882114,1.6852435412058573,-0.5906275478011274,1.4623661586020793,-0.6533397759066735,0.10807246240314664,0.9060726958553369,-0.4290977459371348,0.038295275462790365,-1.57174047802826,0.3210886811602016,-0.8253875908630457,0.06659207598794532,0.5231940251617999,-0.3050212913234898,-1.7608411300021074,0.777256418732031
16,1.0,-2.1113670611999233,-1.3921167987516778,0.49843239788035,1.3352274238457096,1.6359413292265566,-0.39785546573478625,0.7458981959943364,0.2780009751707667,-0.09679580143639963,-1.7889776283567929,-0.2830597531914247,-1.8238019559048482,-0.41021201121172546,-1.6649698267601263,0.46938178036228506,-0.04584125586401988,-0.948194396116249,-0.5186183233452022,1.675882836741208,1.4142954899830928,1.7200840654290412,1.057106058275145,0.10018905955443469,-0.24976605479046182,-0.6497919710455307,1.1362813003400918,-1.0973576676227923,1.0120249280831566,0.6946882984559108,-1.5497757412060136,-0.9717130427168594,1.00873880972288,0.3250737166414279,0.06943156255268268,0.04805608483154877,-1.4766384205451843,-0.40332133367572165,-0.9369644828552448,-1.2893018366135534,0.4907511760969899
17,1.0,-0.31262957810816355,0.9157000583216961,-1.5002555166206872,-1.5836998398467415,-0.3416639073863059,1.1122658176142086,0.17852652618200648,0.2383154279788641,0.6761318070826607,-0.7363237473283231,0.23392248323660503,-1.7223740182057379,1.404133531842101,-2.2021835259790077,-1.4716701724494978,-0.5004541505093463,0.04046528614904714,-1.2106172641249642,0.7166985316868846,2.6378316646141857,-1.5616346498395162,-0.2581996871511939,-0.712293581173359,-0.8210184578210393,-0.7334778353555458,0.7240805812829018,0.46955205095854813,0.5360747047470007,0.08267631431414964,0.830747559322367,-0.13247086359816293,-0.3254098488707181,-0.6440492456183148,0.004044776467382549,-0.7980593218337207,-0.7339021980571426,0.4922363192628473,-1.1588183631281568,1.1152752858837787,-1.0092549126949197
18,-1.0,-0.7218897414409938,-0.2548828949193687,1.6191607880970769,-1.7609582647138176,0.8458135942732801,0.27060763727680015,3.3487896815052824,-0.6019541717431578,1.1444538543678662,1.0651861715771722,0.7299329390287858,0.6838110600038927,0.4686270725682261,0.18425746243652774,0.25940408699178297,0.5170907982245132,-0.20789897988247913,2.419383948112876,0.8286193853915221,0.4385857065382758,0.35475943646105973,-0.4183564954518341,1.6117653031637866,-0.30198780064334463,0.18481733579609255,-0.15249038186809755,-1.5132029576359787,-1.1473408311807367,1.1475843979181204,-0.8765446657956744,0.03281229018471931,1.1838136680579678,0.8958636076133442,-1.753730959878637,-0.7397470731956336,0.21988973187588462,2.597855301088399,1.1416327508920232,-2.04137621149817,-0.1217547677058764
19,-1.0,0.5645779570910241,-0.018005174255733503,0.20984310916630172,0.640191919034611,0.21529076936985986,0.39431577349772945,1.5579212893479597,0.8561700197838051,-0.8998657085578268,-2.2679036311804937,-0.34570105830406705,-0.8846551679680664,-0.08714108020132139,-1.5299071994887523,0.009487242838706889,0.05551943182364688,1.7809013486050516,1.4301023455546569,-1.113153387963853,-0.24522368737292155,1.7997739562296895,1.1964546981642024,1.8661118954099698,-0.1440618296035075,0.05855073342555589,1.4874249708963547,0.38396904774905233,0.4935857633426386,-0.3777451003460531,-0.10500712873712123,-1.3738965203032958,-2.0611771372039547,0.6129834523896116,0.23941129882674217,0.9229347465025116,-1.4368351452310923,0.060832927452671104,-0.3649709200543275,0.8529411977199343,0.6477567807473076
20,-1.0,-0.40305097941340595,1.1773477614770913,-0.12269403497580364,0.2780100274825657,0.7439026215777814,-0.4429698425469894,-1.7815428636678488,-0.6682114751555411,-1.510302984004492,0.11080269173739077,0.6327945287027883,2.267678045817764,0.5723733834387433,0.024892271572982353,0.1941612825664633,0.035646784359506564,-0.10771616051742364,-0.6081126788246363,0.5241246684398182,-0.08461297025298875,-0.7511159988377238,1.986293062632515,-2.361486458876086,-0.17540249117782225,-0.1989258828627705,0.9097180833903172,0.8313418333556761,-1.863354040747855,1.4955651177911884,-1.2014060941536049,-0.11494369638552182,-0.5720894098314928,2.9981425701301903,0.7998877467725181,1.1656382371512237,1.0328781507068503,0.11999067320440376,0.36078716093730345,-1.1514110090583185,-0.06281482561281859
21,1.0,0.8527583454989748,-0.8566769198502632,0.6612544962382917,-0.40788615332924244,-0.5138214418666709,0.3056928574321018,0.77237671707625,-1.4639361874437102,1.1168980098680108,0.9138672100006844,1.1486471829909997,-0.4660314927550663,-0.5878315282534505,0.7572828975665075,-0.6308151289235415,0.15240165108285275,-1.0791207932561806,-0.7016025413238123,-0.5819187269703956,1.7189016425596604,-0.022539805852141215,-1.407201090138848,-0.1131921756650031,0.4740634570127734,-0.9461589967746016,-0.5979964759790777,2.0079963955874787,1.0606649211672685,0.9805781189824938,1.2454709606638548,1.452723268464032,-0.5492288211109371,0.03332184537682156,-1.7127386694532667,0.5143491590740727,-1.6680913881529325,0.2305205407721398,-0.33654806251551567,-0.9839198929902401,-2.3300628427081445
22,1.0,-1.5414778799178375,-0.7175809754249504,-0.256279459449318,1.5145654322418216,0.0943666085042406,0.16252700226652378,0.7687906872101196,-0.9324680369651945,0.5737800630104837,0.7028762085938204,0.08247608293065861,0.19752069081580417,0.04290893285628733,1.1548136525597923,-1.7117753164126446,-0.8503322771525614,-1.0235299665677604,1.480101345847211,-0.35280316642001597,0.9417169780263236,-0.38930658366513005,0.010750636681586045,-1.013833237250832,-1.218154172848211,0.3125029064619018,-1.470578195300877,0.3896058136512935,-1.3012392285917103,0.004940450280373376,0.2950085576312816,-0.8487718817212191,0.6323217471815447,0.6396862290988902,0.27583279806122357,1.346602824050585,1.666450748558753,2.11472544609801,-1.4284390576580976,0.27339180773539185,-1.7195829662520756
23,1.0,-0.48981619538992016,-0.3999554160424823,1.8460575569521551,-0.1314004251284048,-1.0482484916325179,1.486062885641486,-0.16151406724601375,0.46851544840096626,-0.8167665226704582,-0.12357960308338733,-1.188440528268491,-0.13702451964988255,-0.17031366320076385,0.19868884779899826,0.5830250685938185,-0.5915214870205403,0.7726572250606667,0.11675868167250944,0.2770882216393904,0.4668907336755853,-1.1543647615538486,-0.23978501957784892,-0.3025310050292642,-1.414363888583407,0.0010570007493127531,1.7863940970924452,-0.8524646710855215,0.4719594807906542,0.2925907410880091,-0.40694464501398386,-0.9345118490579565,-2.095584881666121,0.1051014353762213,0.3670886528911793,0.23173085511605473,-0.476156952273178,1.4072517694606488,-0.25357299706415437,-0.22113891510180445,-1.039409104110651
24,-1.0,0.6360503784632467,0.049875052473603354,0.3649635819018837,-1.1055013576876354,0.5930809214320953,1.1971921432262487,1.442648235773584,1.1056646156238616,-0.17643240580966868,0.6683032414694696,0.4053886888248365,2.0641843049735495,0.07207243303991004,-0.7482736976579052,0.519025523581805,0.4441429822102929,-0.5472346440282287,-1.2722659205605615,0.7969949545218564,1.3616693683137808,-0.16160233370082083,0.5743151496169466,0.8416146311193244,-1.3161765344549157,-1.3894941417629456,0.6322533378243238,0.4737154345468294,-0.6408717204545662,-0.0997889502844611,0.08118679154726771,-0.8132792422668512,-1.0324359102624048,-1.8925270557670584,-0.8649479915772471,1.0371913054699577,0.3979167459059,0.13397738858585914,-0.7246085960048674,1.059555963103946,1.4720598208880595
25,1.0,0.056162916087996055,-1.3284226341518113,0.7199134940339054,-0.7783032024458358,0.48319117446988524,0.68160119354767,-0.4124606342311854,2.02027624761991,2.059999424358165,1.1702527055063308,-2.076595863786921,0.7714376099753183,-0.39002761563894955,-1.423766638974456,-1.389400510900133,-3.007040962986913,3.814281430450274,-0.8264805411104873,0.18066478706613187,0.29047573444220515,0.557727574524223,0.5241245194150048,-0.8623366981785772,-1.0631682493542234,0.10139646517938528,-1.1885848618671404,0.3277698123370687,0.5596829992588853,-1.3436915468131012,1.6871416741380876,-0.05007917466379452,-0.01764797736805057,-0.3462466822481742,1.2264184364606754,1.1612449127349203,-1.2893918004038276,-0.189342857631223,1.8055091439899504,0.49293250607229877,-1.267938504525969
26,1.0,-0.0788436455261185,-0.2844207895108466,-0.14049788960511533,-0.028740414614148238,-0.6152727978269186,-2.045392443658906,0.6403729308083329,-0.5933758182957609,0.40750131428190084,0.3397296179186156,-0.3288468031626662,0.9881228023416713,0.7383955471950534,0.1438820018116419,-1.2449031440501497,1.4449450249592573,-0.4972338684313488,2.1165564657703957,-0.4000298277168408,-0.02783817023987767,0.578522867561843,0.06498422835124171,1.8030153409912981,0.5928518437328718,0.06606204745014846,0.6362510787849965,1.8739073477177342,1.034445247668128,0.283486766102759,0.03250933974602543,-0.45469513815144724,-0.035467351821462045,-1.4532868279288098,0.7581834944431016,0.0628444090873268,-0.4483969520525764,4.048563006075003,-1.4234191478153353,0.36166980326284737,0.028704690062948873
27,-1.0,-0.13470829584635402,1.3707945921578473,0.5603360498354866,-0.4080147032968158,0.6669458589645669,-2.2757935114201233,1.1615289084214946,1.0357593705261487,-0.6846988532463915,-0.2605558199728779,0.1710923261767484,-1.8463073927341793,-1.519964551940446,1.6914386312055472,1.011399216522023,0.7188405818313914,0.9132173876033212,0.5022173575050934,0.4408900260761372,0.8967804993464212,-0.9822067175713695,-1.1145412260941316,-0.7765864544805459,-0.9752551023367793,0.709133344183887,0.5502617616286781,0.49026780250242996,1.2754045931585583,-0.41278808768324793,-0.012376725686572831,-0.873879928523677,0.758205541414664,0.7824775906484701,-0.6068507631122297,-0.9536096119830323,-0.2419596185591114,0.4923684010240559,0.9691961230414334,-0.15975876544092485,0.1360272184825092
28,1.0,-0.3157694308468736,0.1559058873850988,1.3407185746977595,-0.7650035744698602,-0.32310554965059834,-1.0170981864302215,1.7338620473680173,-0.7161318014913575,1.021910719658074,0.45864036256676377,0.819630496717394,0.011351549453982562,2.31520765941032,-0.5734591025260724,0.4193104278967568,-0.13914173697321125,-0.48013433826126595,-0.8548266308868092,-0.33069285973238055,1.0948857915469985,0.7203298149090416,-0.06191673735398209,0.03595246902088989,-0.3746788597253107,0.5306752431323848,-0.1722675860747932,-1.0231009089012413,-0.36798023208688346,1.8637512146030248,1.098831748264942,-0.42054257065947037,-0.707325194147938,0.032550831508185385,0.22287098914546793,-1.4124232864834005,-0.14607920812706215,1.1467378282943572,1.2738833980139073,-0.24362894253374673,0.9564200587219653
29,-1.0,-2.0124423568272984,1.0069122569358955,-0.20688293463355675,1.776701624092772,0.3547916431557368,-0.951901590901238,0.001018345590230313,0.5330229416440297,-1.7792299549791004,-0.47173670717685523,1.7979314873474586,2.495641512954221,0.9338170512705538,-1.6952129962213514,-1.536459223392388,0.724853538874279,-1.2934210188152362,1.7924031173423702,0.8147945029064336,0.08327122268811399,-1.4746753512372495,0.29334530370860884,-1.0269308718696384,2.8391483117619334,0.15199092638120212,-1.3797597004203745,-0.03441495320273541,0.608943558045363,-0.10541311569198736,0.09617486313310919,-1.194356978627304,-1.1357248638347555,3.412589738620635,0.9092599619586035,-0.9314292468944,-0.35209943602519794,1.3693661327752156,-1.551750987189183,1.67008393710449,-0.003131755888468854
30,-1.0,1.8750134948277277,-1.3426102229183534,-0.8818316928588205,-1.8265668973494085,-0.6955893387508687,-0.5377489210659492,0.7611650844960378,2.037824220166911,-0.32656254764011683,-0.3742777564781963,0.012364258514638377,-0.05968584925269674,-0.7211903716194746,1.6759401730724148,0.5171745738976727,-0.04412435256408792,0.02871347988388359,2.358849131274729,1.1108342380231502,-1.475371406871582,0.7288388319107735,0.0667128937743815,0.3698574655925521,1.4765734629579206,-1.2183936391655217,-1.2073283884206405,0.5137340424182988,-0.08484066028085838,0.37511844521006593,1.6541969142543897,-2.7989158081794976,-1.1443701326973632,1.5648843052287948,0.6289544660241334,-1.3097292153594393,-1.4090256713752813,0.26877721187817577,-2.2832122693582515,-0.369301905469816,-2.1994593028242724
31,-1.0,-2.292942778984072,-0.12420681361750405,0.360559246668522,-1.3199404666330952,0.5742850155815589,-0.16591456335916088,1.4437209765607284,1.655373855448967,0.09702102897666304,1.5114214128048182,-1.0286147147162676,-1.5609843645379913,-1.6148172111320862,1.4530310373951143,1.107728557295258,-0.578624739436296,1.7977532523604394,1.7750996553276912,0.20017259669888537,1.4071261124592587,-2.9100309981984793,0.8736572152237997,0.5091126021031509,-0.3120500629861311,-0.37545761967059477,-0.3477552821183527,0.7264553728699554,-0.48374931383479625,-1.24759877156324,0.5563768287343629,-1.1025025358713285,-1.2917167163713388,0.24525226848470755,0.4809599854183493,2.473755702585252,0.550237069868279,0.4231011423278064,-0.5116641277319767,-0.6671849334029404,2.542665982388833
32,-1.0,-0.16270939701511922,-0.279940365504441,-1.0639064046562008,1.8515640840567458,-0.8251140830264678,-0.07774740653414391,0.7853460603284244,-0.12060135943909805,-1.75033105510538,-0.8027199383303658,1.2913656975130823,-1.3403556015290188,0.4491112549821624,0.9329883646042262,1.7570326081242194,0.4925951589250517,-0.8654949611923051,0.879391030609352,1.205946121605083,-0.8990021269525132,0.5996917197986054,-1.2233910984496772,-0.4599047302492325,0.6266179613709202,0.8512211602215466,1.018972605370267,-0.1252389877075738,0.1773645963187589,-0.06161897314302084,-0.24592454177666173,-0.24228507458773485,1.0813513227447658,-0.21255083328722663,0.12505601023506321,-1.2817212241237743,-0.735888127914517,-0.941318895699321,-0.8615797155707791,-0.4053831048006028,1.4516403641873845
33,-1.0,-0.1883437226050505,0.8695566955301066,-0.7969548445918581,-0.6059138644411717,1.3312777309559982,1.0816379839197898,-0.03746762469394466,-0.3019932296321267,-0.8567855037674388,1.3012646011694864,0.2994427713512334,1.757674853692644,-0.7329587051273845,-0.7506746171711788,-1.168195901695558,-0.23152058749109738,-0.5257716761412113,-1.602270669374394,0.30542525185994174,0.12051246829454257,0.2379818724539835,-0.9248218703511198,1.0214946095205206,-0.04366944245672316,1.0855966026708366,-0.17618544704347572,-0.3354308481460674,-0.06451707900877901,0.303593561067824,0.6756822490507851,0.9907376876427655,0.8526560426381806,-0.27347930699567036,-1.4480636427438243,1.0283744566219648,0.10346591774199076,-1.1369946041327275,-0.519584860693768,0.20467792188185885,-0.19188106131594349
34,1.0,-0.19051718375058757,2.803712687026131,-0.6667112311133871,0.057909892298708104,1.0083167153135988,-1.469865011622724,-0.48864692389445696,0.9357912986949579,-0.5521999377253126,0.2604602828728738,0.34391959549901524,-0.8943250758729447,-0.37009882088131535,2.0858653502337474,-2.709435428896023,-0.38417739522503114,-1.2559759490256348,-1.0501694096852319,0.9556998809608963,-1.7498554497830598,0.9789847794225968,0.20838145999752705,1.987173590170252,1.3228720289279752,1.0737679835583664,-0.5471905994281372,1.5701756919018495,-1.3865131987223216,0.6433324104693179,-0.3668450649763938,0.3366798119316421,1.2554147633987518,1.0692676476533058,0.8153634455300114,1.2205220930684901,-1.1365321522718683,0.46674771007744364,-0.15203875260682537,-0.44788945157078874,-0.7579760506121614
35,-1.0,-0.10198711163887403,0.36525720423848734,-1.1671180681234512,-2.321206124587105,0.6988759368374446,-0.12737600088880113,-0.8070304559972346,0.5694166661910234,2.2091466161375415,-0.3315164389497101,-0.8376032821549623,1.1805564327946012,-0.5095470379003383,0.4635013407509223,0.08922259566840206,1.7986304121406984,0.11967383085081912,-0.08078132659558859,0.9635307049025041,0.8000588787414235,0.06657521986782933,1.0226191156254605,0.8814135532034002,-1.8542464497174418,0.843588837108705,0.3974952024916869,-1.4852261843691283,-1.1220031443865692,0.7121056093901581,0.9607099667135465,-0.3791512120075219,-1.7152603729870672,-0.7954388940344921,0.7661030699616379,0.7449166670835826,-0.1843112106208842,0.5069855149374574,0.20848587083312095,0.2646087863987799,1.2994781831787066
36,1.0,1.615717803420221,1.0600816108232278,0.5450099731859752,0.4493213717811468,0.5080315510125609,-0.5846114669795823,1.0280899194725555,0.46328780550009274,0.77326258260849,-0.41248404660173654,0.3105338834326403,0.10662729747186214,0.5200266520077564,-1.0156018694674167,0.09486250073519736,0.7825872767964319,-1.1727561894008494,1.571940098862533,1.058234384189718,0.20907945458828023,1.4444299449952716,-0.10815102060904397,1.2880313641010628,0.7641289048522377,0.046716846742855395,-0.254357189888609,1.527130741411126,-0.4435699900860255,1.0959157552239271,-0.7926394350083387,0.521641483924409,-1.038827108275767,-1.821410409566489,0.7528823490629057,0.3101738695267723,-1.249805924785008,-0.06669775808745726,0.6327839634845219,0.5255509245472707,-1.4258989283761097
37,1.0,0.7422067539063909,0.12316384699758912,0.5665580553242452,0.547674113894256,1.6203072303738792,1.0298953182283013,0.538459185156732,-0.6335166847629284,0.7483541973519092,0.7844374890549359,-0.17354646108728894,1.2013869632757164,-0.28378313503735686,0.09149422672449842,-0.5261445657876531,0.7864027881553676,1.673147518175671,-1.0526516413947942,-0.05971063729061024,0.47837927398429303,0.5442537210022756,-0.2649369941291776,-1.1406265725050657,-1.0654627423543768,-0.8115551679094265,-0.260240299010877,-0.5074247246102686,0.7819331900454499,-0.4782928271659236,-0.5903965043896676,0.7320604253251848,-2.103037529152935,1.0712365416961012,0.012868658344057982,0.6598765806780069,-0.056772886243138004,-0.2182641971345538,-1.372640376264544,-0.3838848425258521,-0.5877140493105882
38,1.0,-0.5704915796966898,-0.0038266991491242436,1.3466393911437295,-1.3777820686476894,-1.0081779474241237,-0.034603353174085916,-0.09098231608742813,1.8050302487382304,-0.54897782233715,-1.26182233125713,-1.1835830789464028,-0.9967345847149239,0.10870020634589239,-0.6772750399014056,-0.5940390424207417,0.20428593083363142,-0.21568135850631678,0.21360685552911615,-0.010907528113484832,-0.7565086108823966,-0.07022380707032305,-0.4688069718348927,-0.8464295181669719,-1.11171394978141,0.12487817319186098,1.4100197424790828,0.2998137074858712,1.2501750324462162,1.6966491824235908,0.13690851316024866,0.36189410626513613,1.2887617533177844,0.9707161145220882,0.5933858433182689,0.6167687021603752,-0.654214090872488,1.9291914834445205,-0.3125026515473125,1.0484948944478596,-0.11223228824785067
39,1.0,-0.4899480304578865,0.5247356223413548,-1.1709218090986537,-0.7550817790294412,0.6250132809911593,-0.9561924615579515,0.5604426089767947,-1.3237901217448291,0.4479980318058418,1.0630188749829848,-0.4649882394291692,-0.5179446979668151,-0.5931503421540938,0.20714995865011976,-1.3142354200040356,-0.2851908640175548,2.0210984826984744,-0.4029556766893774,0.9188255811450512,1.323314283553852,-0.2816788277829666,-1.162745362706179,1.4083620489046127,-0.33567784133283385,1.5245884761377289,-0.4764284058074849,1.5347972946826012,-0.1026484849593414,-0.16702362943544474,-0.3602638578016332,1.39915066509956,1.115930535283618,-0.7417515341805054,0.06717841805031477,-0.07037913736069507,-1.301535071579564,-2.42857767287042,1.4931420011390204,-0.23214073552528444,0.6105409343746762
40,1.0,-0.1822675727144038,0.2340960806709182,0.4476585795871718,-0.3210066525626104,-0.6171478436252458,-0.2764446678991137,-0.5453856939459377,-0.15715485327056783,-2.301174691377459,0.93925407911369,0.16219256727727638,1.1386254970027205,1.2380216036146465,1.2409195975989253,-1.4728154546079366,0.4134381908523058,0.03531319319024021,1.0666502282571226,0.6252105009359554,-0.7143873561702898,1.5833820964579002,-0.8536541019155921,-0.5031872756052441,-1.1197444950989972,0.8197487238819804,0.42905221371537067,0.5864594811552335,0.4354618264384654,-0.46552476749950367,-0.1250646258180811,0.9935903270503688,0.3151764956496153,0.5012347187779229,-0.5281467334243507,-0.7704773516034058,0.5247495374128845,-0.5746059431174174,0.5815366781936685,-0.8602282792916958,3.4659612174551295
41,-1.0,-0.05157034208728464,0.08360166668342162,-1.1750941219941358,-1.2947718337484513,-0.03770237038143445,0.4052472847968264,-0.5811621334795273,-0.4101937480819349,0.1005626930294447,1.072773194531069,-0.9483362739921327,0.9411222418263456,1.235800533056405,-0.6766542262759725,0.9659159405183746,-1.935463179806549,0.3947153198120845,-0.3212611086324616,0.29739301079509206,2.581322285342456,-0.6923813894932682,-1.6186011637127256,1.1702880018108202,0.17393290456985838,0.17559271865670467,0.10133110697604597,0.9504714338936159,-0.5933817666094681,-0.7322414030900126,1.4788547449963658,-0.45909426694190164,0.4903466964158578,-0.49199666543279713,1.2312680346346763,-0.12650534469387476,1.163904938283193,-0.9630397792835114,-2.789255061881272,-0.8996587510121459,1.3400506231696558
42,1.0,1.9570405602400414,-0.6746737900357351,-0.09436861186861967,-1.3914797790700555,0.5464974368974295,-1.3430973800322399,-1.5447438951825685,0.4416068935447962,0.5267299951365061,0.8515653172139722,-0.04252653969185444,-1.4709113291993914,0.8380789862147422,0.044091626183369426,-0.5962624640952983,0.1965545704789161,-2.4198691473974328,-0.09717548882781202,-0.24377091073419194,0.48601359915657233,1.3696256173216539,-0.3707074337400869,1.8164744267794788,-0.44926273380639015,-1.1864127377028688,1.6023586059433712,0.9357550918081113,-0.008255788680533838,0.20198094165915342,0.7673853468464689,0.5890694489085083,-0.830950120988977,1.8107489962035874,-0.6220792857328459,0.8641994859516934,0.07361312975365508,1.0254810784305342,-0.15821760550765013,0.5901549085966853,-2.2772711380610495
43,1.0,-0.8428263228824296,0.36559769768686234,1.4552475113444459,0.9678668181489138,0.6522919314452896,0.34972205148904223,-1.9134100046406692,0.5266145426719708,0.7956590675463997,-0.7653970587687864,0.6219376823261136,0.17337467424993142,1.4653730301938501,0.7629717626279413,-0.7022239348689976,0.5932858936922673,-0.4034125627384134,0.691819787735509,-1.3344781684277986,2.3302518675012864,-0.818785765347804,0.7748886996795066,-0.2522112909248504,-2.283351780231088,-0.1928448874690898,0.4481676054952598,0.618209640159327,-0.5489340110637004,-0.5517833851095966,-0.015302370264823562,0.15437917946455587,1.6377269749522632,-1.2237122299766612,1.4303066053478175,-0.639266036408972,-0.17257008452042283,-0.8391393696953459,-1.5694467653328594,-1.3180380424853215,0.1713836234171695
44,1.0,-1.605365353514268,-1.1092187589753486,0.16716237189294517,-0.23650102372186455,-0.20788740499923622,0.9903694580012917,0.38462899467513245,-1.2051536107558656,0.5806416791065807,1.5539672336399617,-1.9951481000499252,-0.44754159018739753,0.5510456116125955,0.2658300577035032,-0.1596149956510286,-1.7403089540563865,-1.343903380847367,0.2816277974026077,-1.5056023579635736,0.33466631066636415,0.550589662623854,-1.2387806871253106,0.3771652594770342,1.1775348274934665,1.727990958769873,-2.228505654907804,-0.7099168697601286,1.1974725652304679,0.5554181373090727,0.512541423338919,-0.9706149113912922,0.5056901249876923,-0.3195756581449475,-2.007643285048921,1.361028302288549,0.4061874927541241,-1.314091341396857,-0.6217471166658715,0.7826629962639163,-0.3062488801390691
45,-1.0,0.1729610436389992,0.7083060431988648,0.4966348493189212,0.17054248353878615,1.070869646671095,1.1895266385353676,0.6680083412960954,0.7703975413794173,-0.5420722384610278,-0.08348117988084428,0.45340264853889156,2.136136422418237,0.36878679422240346,-0.09696910280710434,-0.06738427362370189,-0.38675973150790055,1.32309198392766,-0.01359389095735497,0.7272302609948061,-0.12984392018590402,0.07470056150594784,0.555874995715278,1.1841660549451856,0.6537290428878034,1.3008027680793663,0.9916706975933688,-1.2089533132557408,-1.3640548897765798,0.03550288043933718,1.011549483948861,2.187855591460665,-0.5744366507630482,0.21144312117639064,-0.5651743042673394,0.07491016215077825,-0.14181583508769274,0.24195824377608133,-1.0272449730987787,-0.7279074766388393,0.42546417065880626
46,-1.0,2.8241215779465336,0.3378075884545222,-0.7877176076571263,-1.4963559977257175,-0.145316913789642,-2.3318025524913106,-1.023162139943611,-2.3705505037068266,0.3848945660610945,-0.17195555437806942,3.177358106268782,-0.45886421316054404,0.7844503285099035,-1.513782467671546,0.36358072548288645,-0.5605252297723025,0.4367861108354849,0.6865074549995154,-0.4854519570806344,0.30007228360544685,-1.147783455141174,1.7985938780189015,-1.7419355710831375,-0.17511362593580265,-0.4748973493966884,1.8430609122782173,0.57092205018149,-0.6556847646995068,0.2656283347132494,0.04499011152924548,-0.3566645079063147,1.760263773520116,-0.837625161322634,-1.5891918691189546,1.0502208093925267,-1.8075224675660422,-0.007860233771864511,-2.0919257072295414,1.5773004431088054,0.5569409651096071
47,1.0,-0.14049164905602113,-0.28933623973462685,0.43929124986063406,-0.08255976250388719,-1.1722869969586216,1.1230835096440865,1.0889912024564317,-2.0473381732743245,0.9654240358872804,1.7878616385439234,0.6012504953819078,-0.3379747832367357,1.1500510901796812,0.6946812310026194,-0.345396135186972,-1.636267031693501,0.33933233380967853,0.2843372853902058,1.7313847487591603,0.2969227265732364,0.47665132934026155,-1.1990806881933116,0.5779044502842657,0.564422519317247,1.4288894931079317,1.5151426207234158,0.20638054157599994,-0.34247399483071883,0.5479929393037354,-1.2044325313022428,1.943827032810553,0.29539739520784447,2.3292871417703553,0.9011743216966485,-0.8592445514368913,0.2859225153708497,-0.9118980149228398,2.6466490377319607,-2.4601770082885963,-0.569568401019409
48,-1.0,1.8973210307688113,0.034408255726150916,-1.0747276026842973,-0.3781767396791961,-0.47765984314322585,0.30229118302038416,-0.33698089851788177,1.6608555117803097,-0.197544184834202,-1.1705252281387912,0.6825834475384921,-0.18012740797218424,-0.8319349636660843,3.353051162942473,-0.2993106206488181,1.5005985977232426,2.3854176610424873,0.6558429176869915,-1.995085664034434,-0.9114615811432979,-0.13144768919468924,0.6989848690399165,0.7830767175519862,0.057396330864898856,0.6278720536390101,-0.2549382251798491,-0.06544305724828602,0.08747876394384221,0.27902849243165107,0.4585245665566825,0.7806947492932076,0.3297442123550261,1.5767160159904798,-0.09426655509449461,0.9456148121776491,0.3951133975350896,1.400456965770733,0.5278648806765889,-0.5579392172475476,0.9879566692066345
49,1.0,0.06808799336641319,0.8388849625546356,-0.018899555867235573,0.24895429006995898,-0.4135884673634412,0.3924919283625793,0.5617377102633385,-0.25626742690916693,-0.1251006829376089,-1.6780126554009307,0.3992651608547497,0.27074814843899053,1.570823301290417,1.087453235834888,-0.7259867671386561,0.14644031458733375,-0.9103698511307272,-0.45326685528446164,-0.11559092773647467,0.7243417018735916,-0.7585533259630914,-1.2842912948409735,1.9428079831443301,0.10863369164372697,-0.6594793439491017,0.1279771102824706,-0.2008543642076018,1.2004958133922619,-1.799878185481747,1.0272896492281727,0.49862902076691656,0.6992857486410082,-0.1908210047670697,0.676494897563965,1.2929639087009233,0.11438503274264172,0.6075947389335302,0.45938689442213226,-1.289723403646176,0.30355646494518684
50,1.0,0.7788011227666584,0.8449935546978907,0.16651565005907418,-1.5881229143239213,1.8216490859841712,0.19950889716675108,0.002809269828490224,-1.0015263895204236,-0.614407423230533,-1.7271975135354063,0.6044215537202254,-0.10533567900599383,1.3001748545805403,0.948810930757149,-0.5932771003479009,0.843352434722716,-0.7655274334041915,-0.06824806983656256,0.39226777901221366,0.5424277367635147,1.174632693781008,-1.428063139353402,-0.24689760533484234,-0.026710778337866115,0.17465812053544286,-1.1435521727424445,-0.8894385026374845,-0.6124849500653504,0.25280167798870257,-2.052356404909469,0.898606073952535,-0.5037836508351224,0.7160299978106941,1.9630966253792042,0.41886839802222564,1.2155317334381746,0.0871291289427838,-0.9884124567830548,-0.21762936349365036,-0.23907156433692434
51,-1.0,0.4148581447931283,-0.27221958170155036,-1.2986278079238232,-1.5154336522418816,0.494624572246155,-0.6489543975966481,0.25501943929021154,-1.212312204581727,0.2116142708369162,-0.2833254064584815,1.5772220217348054,-1.3095221829086037,-2.9972260371305595,1.65433632675678,0.936001455640999,-2.9790795839990163,1.049743391205864,-0.39486714617096086,-1.1781720759216963,0.9088363989110794,-0.7791611474093052,0.42575416140465405,1.1106140496330144,-0.9123069594361026,-0.1653950412809294,-1.5259478523790717,-1.3332030009891642,-0.47515269042285835,1.1944301881609882,-2.0196360195590684,0.2390746716024582,-0.9761025507179635,1.0850965225493518,0.5275792770156023,-0.9895295365932282,1.2208443745964088,0.9923048430190423,-0.3257855207995701,0.09413937962292918,1.556379170258562
52,-1.0,0.744531860296715,1.039912954626398,-0.7420106329233958,-1.0964672558772195,-0.15588984303527842,-0.9807219586112553,0.12588682570388765,-0.15708868277850394,0.7410508300465299,1.701435719726606,0.7323150373450661,0.6052140795106697,0.9341307799636787,2.0337924641206797,0.2983324597339559,-0.6525762347921492,1.0802698822272636,-0.2610400714991341,-1.45282835796981,-1.0865206042031126,0.1766170021945817,0.5085046992489854,2.7164408404836777,-1.8682265234297624,1.637984839948475,-0.6408362242371322,0.7572812318664129,-1.65267002384151,-1.3967318013437051,0.8850505395357091,0.5253467553482782,1.046771625339288,-0.3818000296850935,0.31282813016088706,-0.55775427844696,-1.322631240402999,-0.00024407267174578196,-1.0347173324988148,0.7308018668183396,-0.646642078432311
53,-1.0,0.01052749144750223,1.2864721749882528,-0.09573434566623007,0.03990687803759646,0.0404611807737128,0.24674686298040155,-0.5453511042037187,-0.1590309961301988,1.3431553226019914,0.32092276126993546,1.0227993542112133,1.0547867487042186,0.6222598260416804,-0.6594428569246523,0.1833482911761427,2.0944178422177377,-0.46885294457215987,0.170906153817709,1.5403759946390898,1.2844591480082261,-0.2736228059527344,0.9665724824467467,1.7529074713265866,0.6901741823033329,1.2693742627843294,-0.011206545109167111,-1.4595680612204933,0.6035427346057488,0.328286611285265,-1.6352026378380602,1.2508078619628582,0.25038941397555503,-0.2541622723704626,0.6596509485230153,2.0990601632828954,0.13445587545699833,-0.45490838094357167,1.0206480632611208,-1.380591793462054,-0.1935598955460036
54,1.0,-0.6894126553865485,-0.3523259061572306,-0.7315817371297413,-0.3782107522181293,-0.3531991986083569,0.23312007602371748,1.272292462979611,2.3415213970051427,-1.0982907061448528,0.46811587136303,0.6947788114297453,0.024682144099231473,0.06802982360347137,-0.0509884823013394,1.5212943786001003,0.7616514086464767,0.16410562486982955,-0.3217525095625581,0.45494448484439887,0.6719682221148565,-0.13973688220414746,1.692215877382111,0.3020746499908218,-0.27365874570474036,-1.3909935013221193,1.2587461152462085,-0.10550223383002677,0.7073346880088232,0.6478447314259232,0.033546125668664675,0.9136962346935525,2.8549732011731743,-1.9737981597488945,0.2522376072220901,-0.3300222694276288,0.2651293713965986,-1.2517353318524906,-0.22988606591044125,2.1055230709557993,1.1723451874498574
55,1.0,0.44591551083934644,1.8129155980781673,1.1570522090244921,0.14692193944940157,0.6666521510213171,1.0254875976238198,-0.7876507089336261,-1.1176148220161206,-1.1921388713422358,0.5428582182410802,-0.6556132403420762,-0.7393462910001978,0.7197630231064184,-0.23050208700166638,-1.3156513280306508,-1.0228936572395246,-0.1006010891165457,0.15027438284899058,-1.6580878692013608,-0.30490164747397996,1.58812642543342,0.7997347620586066,1.1692842350698147,0.0012886902321688765,0.956419353164575,-0.35055280303230635,-0.30865101631532277,-1.4097649191415895,-0.702500310439662,0.4853113147940358,-0.6612995198428854,1.763040810084096,0.854807285659018,1.0511480829004318,0.8445468641025405,-0.09861397751145512,-1.5878133139698625,1.0362522909145158,0.5615499669923839,-1.7942760046134705
56,1.0,0.10198412793600242,0.28517480189650346,0.31215522698825626,1.5625450984293376,-1.3308157577837725,-0.6109103609377126,-1.1013755883684475,0.2203941202922458,1.0721063868983012,-0.9518049297156623,-0.3280663488504374,2.046216953519329,-0.03027989019458001,-0.7236077871055098,-1.197738786040551,0.5418598339761233,1.4547502491524025,-0.35581119956709656,0.013954065246594288,-0.6692315776612079,0.06893333134476384,0.08688561466092282,-0.2756624860287269,-1.393462925277289,-1.0179940748870036,0.42542451520771357,-0.18951419729123611,0.7400001563904406,-0.19969605399983414,0.29451645731429765,-0.4900777395483653,-1.8673674899079304,0.649589007923457,-1.1647013923848162,-0.910393084628061,-1.0382170825669386,-0.8006424145011186,-0.8538992207299553,1.186661371936723,0.2369296983371094
57,1.0,0.814035441956479,1.3416643256897154,0.43350637821565396,0.1890414910357915,1.0307263963172324,-1.9830741690060694,1.5070278412226075,0.5253944085361517,-1.2165890572068612,0.8655611631290103,-0.5150963092548594,0.5631637961997381,-0.5988519859226765,1.1420637191544643,0.4749977276006354,1.5216037654153611,0.004001901927819629,-0.5656559360692833,-0.8418738964812589,-0.9835739682447573,-1.0670026964878985,-1.95854989909308,-0.9933542863699562,-0.43662385806074955,0.5263134387958583,1.235202073907145,-0.07195858954499185,1.0128720653717802,-0.03942520305978897,0.9016026083201298,0.10946418564627886,1.7173417455371385,-0.2355001697827778,-0.1677981034237331,0.3169102020724242,-0.7716813177623075,-0.1296124847710114,1.4146758474712389,1.0428159590094026,0.15234159213318837
58,-1.0,-0.35820952432465114,-1.019304714384416,1.0325628371751256,2.274744660141599,-1.534314094200648,-0.7216674415139264,0.09800625774979659,0.12621661377378712,-0.23704459341222292,-0.9262615921743644,1.1351516796170795,-1.3217868130260606,-0.059445235413429165,-0.34619802772315506,-0.14805326159393084,-1.679860259528269,1.1606899842900136,-0.8303521543850623,0.2592529808166709,-1.425954230069333,-1.1601043839154452,3.429230169036865,-2.3456041219782886,0.7623820049393559,0.5010448935737478,-0.4477630543713673,0.30815759963795447,-0.8556887814370064,1.0864475428852192,-1.6203753770396512,1.4579670434093175,-0.5902761906473121,-0.6629461944565326,0.2656421591161747,-0.7356747562902393,-2.103526515459511,1.0754716057216602,-1.4845683926104687,0.11497326424883347,1.0868384102340358
59,-1.0,0.4245305592092933,0.730479255521147,0.12215144536160966,0.6468640040750993,0.1466065660606916,-0.78572376131678,0.3619895485876563,0.11692793585063939,0.2600732849506288,-1.5158964696916284,0.745509199563827,-0.22618897744960786,0.6934542872305126,0.17723756366526577,0.2015001525065017,-0.6250077324439752,-1.5875526536572817,0.135972853245243,-1.7735504003568778,0.4940012034908358,0.06092300735316544,1.0911313499450892,-0.5903951030605618,1.3704774009982237,0.3436305254243519,-0.04855235709808697,-1.6180046515987407,-1.0155593187288643,0.02690994467094921,1.4426849669725839,0.6259830327418416,0.27573063563681816,-1.3052790066015036,-0.016303830428421928,0.1426626565396228,2.355455196132197,-0.8309026075979437,-0.12748658030719423,-0.5889821187760413,-0.14758783851072976
